1;ImoveLocador;developers;ImoveLocador@hotmail.com;52861143952;+551191319248;Locador
2;ImoveLocador;developers;ImoveLocador@hotmail.com;52861143952;+551191319248;Locador
2;ImoveLocador;developers;ImoveLocador@hotmail.com;52861143952;+551191319248;Locador
1;ImoveLocador;developers;ImoveLocador@hotmail.com;52861143952;+551191319248;Locador
2;ImoveLocador;developers;ImoveLocador@hotmail.com;52861143952;+551191319248;Locador
3;ImoveLocador;developers;ImoveLocador@hotmail.com;52861143952;+551191319248;Locador
1;ImoveLocador;developers;ImoveLocador@hotmail.com;52861143952;+551191319248;Locador
1;ImoveLocador;developers;ImoveLocador@hotmail.com;52861143952;+551191319248;Locador
2;ImoveLocador;developers;ImoveLocador@hotmail.com;52861143952;+551191319248;Locador
3;ImoveLocador;developers;ImoveLocador@hotmail.com;52861143952;+551191319248;Locador
4;ImoveLocador;developers;ImoveLocador@hotmail.com;52861143952;+551191319248;Locador
5;ImoveLocador;developers;ImoveLocador@hotmail.com;52861143952;+551191319248;Locador
6;ImoveLocador;developers;ImoveLocador@hotmail.com;52861143952;+551191319248;Locador
7;ImoveLocador;developers;ImoveLocador@hotmail.com;52861143952;+551191319248;Locador
8;ImoveLocador;developers;ImoveLocador@hotmail.com;52861143952;+551191319248;Locador
9;ImoveLocador;developers;ImoveLocador@hotmail.com;52861143952;+551191319248;Locador
10;ImoveLocador;developers;ImoveLocador@hotmail.com;52861143952;+551191319248;Locador
11;ImoveLocador;developers;ImoveLocador@hotmail.com;52861143952;+551191319248;Locador
12;ImoveLocador;developers;ImoveLocador@hotmail.com;52861143952;+551191319248;Locador
13;ImoveLocador;developers;ImoveLocador@hotmail.com;52861143952;+551191319248;Locador
14;ImoveLocador;developers;ImoveLocador@hotmail.com;52861143952;+551191319248;Locador
15;ImoveLocador;developers;ImoveLocador@hotmail.com;52861143952;+551191319248;Locador
16;ImoveLocador;developers;ImoveLocador@hotmail.com;52861143952;+551191319248;Locador
17;ImoveLocador;developers;ImoveLocador@hotmail.com;52861143952;+551191319248;Locador
18;ImoveLocador;developers;ImoveLocador@hotmail.com;52861143952;+551191319248;Locador
19;ImoveLocador;developers;ImoveLocador@hotmail.com;52861143952;+551191319248;Locador
20;ImoveLocador;developers;ImoveLocador@hotmail.com;52861143952;+551191319248;Locador
21;ImoveLocador;developers;ImoveLocador@hotmail.com;52861143952;+551191319248;Locador
